{"paths":{"App":"app","App.view.main.List":"modern/src/view/main/List.js","App.view.main.Main":"modern/src/view/main/Main.js","App.view.main.MainController":"modern/src/view/main/MainController.js","App.view.main.MainModel":"modern/src/view/main/MainModel.js","Ext":"ext/modern/modern/src","Ext.AbstractManager":"ext/packages/core/src/AbstractManager.js","Ext.Ajax":"ext/packages/core/src/Ajax.js","Ext.AnimationQueue":"ext/packages/core/src/AnimationQueue.js","Ext.Array":"ext/packages/core/src/lang/Array.js","Ext.Assert":"ext/packages/core/src/lang/Assert.js","Ext.Base":"ext/packages/core/src/class/Base.js","Ext.Boot":".sencha/app/Boot.js","Ext.Class":"ext/packages/core/src/class/Class.js","Ext.ClassManager":"ext/packages/core/src/class/ClassManager.js","Ext.ComponentManager":"ext/packages/core/src/ComponentManager.js","Ext.ComponentQuery":"ext/packages/core/src/ComponentQuery.js","Ext.Config":"ext/packages/core/src/class/Config.js","Ext.Configurator":"ext/packages/core/src/class/Configurator.js","Ext.Date":"ext/packages/core/src/lang/Date.js","Ext.Deferred":"ext/packages/core/src/Deferred.js","Ext.Error":"ext/packages/core/src/lang/Error.js","Ext.Evented":"ext/packages/core/src/Evented.js","Ext.Factory":"ext/packages/core/src/mixin/Factoryable.js","Ext.Function":"ext/packages/core/src/lang/Function.js","Ext.GlobalEvents":"ext/packages/core/src/GlobalEvents.js","Ext.Inventory":"ext/packages/core/src/class/Inventory.js","Ext.JSON":"ext/packages/core/src/JSON.js","Ext.Loader":"ext/packages/core/src/class/Loader.js","Ext.Mixin":"ext/packages/core/src/class/Mixin.js","Ext.Number":"ext/packages/core/src/lang/Number.js","Ext.Object":"ext/packages/core/src/lang/Object.js","Ext.Promise":"ext/packages/core/src/Promise.js","Ext.Script":"ext/packages/core/src/class/Inventory.js","Ext.String":"ext/packages/core/src/lang/String.js","Ext.String.format":"ext/packages/core/src/Template.js","Ext.TaskQueue":"ext/packages/core/src/TaskQueue.js","Ext.Template":"ext/packages/core/src/Template.js","Ext.Util":"ext/packages/core/src/Util.js","Ext.Version":"ext/packages/core/src/util/Version.js","Ext.Widget":"ext/packages/core/src/Widget.js","Ext.XTemplate":"ext/packages/core/src/XTemplate.js","Ext.app":"ext/packages/core/src/app","Ext.browser":"ext/packages/core/src/env/Browser.js","Ext.class":"ext/packages/core/src/class","Ext.data":"ext/packages/core/src/data","Ext.direct":"ext/packages/core/src/direct","Ext.dom":"ext/packages/core/src/dom","Ext.env":"ext/packages/core/src/env","Ext.event":"ext/packages/core/src/event","Ext.feature":"ext/packages/core/src/env/Feature.js","Ext.fx":"ext/packages/core/src/fx","Ext.lang":"ext/packages/core/src/lang","Ext.list":"ext/packages/core/src/list","Ext.mixin":"ext/packages/core/src/mixin","Ext.mixin.Progressable":"ext/modern/modern/src/mixin/Progressable.js","Ext.os":"ext/packages/core/src/env/OS.js","Ext.overrides":"ext/modern/modern/overrides","Ext.perf":"ext/packages/core/src/perf","Ext.plugin.Abstract":"ext/packages/core/src/plugin/Abstract.js","Ext.plugin.LazyItems":"ext/packages/core/src/plugin/LazyItems.js","Ext.promise":"ext/packages/core/src/promise","Ext.scroll":"ext/packages/core/src/scroll","Ext.supports":"ext/packages/core/src/env/Feature.js","Ext.theme.neptune":"ext/modern/theme-neptune/overrides","Ext.util":"ext/packages/core/src/util","Ext.util.Audio":"ext/modern/modern/src/util/Audio.js","Ext.util.BufferedCollection":"ext/modern/modern/src/util/BufferedCollection.js","Ext.util.Draggable":"ext/modern/modern/src/util/Draggable.js","Ext.util.Droppable":"ext/modern/modern/src/util/Droppable.js","Ext.util.Format.format":"ext/packages/core/src/Template.js","Ext.util.Geolocation":"ext/modern/modern/src/util/Geolocation.js","Ext.util.InputBlocker":"ext/modern/modern/src/util/InputBlocker.js","Ext.util.LineSegment":"ext/modern/modern/src/util/LineSegment.js","Ext.util.PositionMap":"ext/modern/modern/src/util/PositionMap.js","Ext.util.TapRepeater":"ext/modern/modern/src/util/TapRepeater.js","Ext.util.TranslatableGroup":"ext/modern/modern/src/util/TranslatableGroup.js","Ext.util.TranslatableList":"ext/modern/modern/src/util/TranslatableList.js","Ext.util.Wrapper":"ext/modern/modern/src/util/Wrapper.js"},"loadOrder":[{"path":".sencha/app/Boot.js","requires":[],"uses":[],"idx":0},{"path":"ext/modern/theme-neptune/overrides/Component.js","requires":[],"uses":[],"idx":1},{"path":"ext/modern/theme-neptune/overrides/Toolbar.js","requires":[],"uses":[],"idx":2},{"path":"app/Application.js","requires":[],"uses":[],"idx":3},{"path":"app/store/Personnel.js","requires":[],"uses":[],"idx":4},{"path":"app/view/main/MainControllerShared.js","requires":[],"uses":[],"idx":5},{"path":"app/view/main/MainModelShared.js","requires":[],"uses":[],"idx":6},{"path":"modern/src/view/main/List.js","requires":[4],"uses":[],"idx":7},{"path":"modern/src/view/main/MainController.js","requires":[5],"uses":[],"idx":8},{"path":"modern/src/view/main/MainModel.js","requires":[6],"uses":[],"idx":9},{"path":"modern/src/view/main/Main.js","requires":[7,8,9],"uses":[],"idx":10},{"path":"app.js","requires":[1,2,3,7,8,9,10],"uses":[],"idx":11},{"path":"build/temp/development/App/sencha-compiler/app/full-page-master-bundle.js","requires":[11],"uses":[],"idx":12}],"classes":{"App.Application":{"idx":3,"alias":[],"alternates":[]},"App.store.Personnel":{"idx":4,"alias":["store.personnel"],"alternates":[]},"App.view.main.List":{"idx":7,"alias":["widget.mainlist"],"alternates":[]},"App.view.main.Main":{"idx":10,"alias":["widget.app-main"],"alternates":[]},"App.view.main.MainController":{"idx":8,"alias":["controller.main"],"alternates":[]},"App.view.main.MainControllerShared":{"idx":5,"alias":[],"alternates":[]},"App.view.main.MainModel":{"idx":9,"alias":["viewmodel.main"],"alternates":[]},"App.view.main.MainModelShared":{"idx":6,"alias":[],"alternates":[]},"Ext.AbstractComponent":{"alias":[],"alternates":[]},"Ext.AbstractManager":{"alias":[],"alternates":[]},"Ext.ActionSheet":{"alias":["widget.actionsheet"],"alternates":[]},"Ext.Ajax":{"alias":[],"alternates":[]},"Ext.Anim":{"alias":[],"alternates":[]},"Ext.AnimationQueue":{"alias":[],"alternates":[]},"Ext.Audio":{"alias":["widget.audio"],"alternates":[]},"Ext.BingMap":{"alias":["widget.bingmap"],"alternates":[]},"Ext.Button":{"alias":["widget.button"],"alternates":[]},"Ext.Component":{"alias":["widget.component"],"alternates":["Ext.lib.Component"]},"Ext.ComponentManager":{"alias":[],"alternates":["Ext.ComponentMgr"]},"Ext.ComponentQuery":{"alias":[],"alternates":[]},"Ext.Container":{"alias":["widget.container"],"alternates":["Ext.lib.Container","Ext.container.Container"]},"Ext.Decorator":{"alias":[],"alternates":[]},"Ext.Deferred":{"alias":[],"alternates":[]},"Ext.Evented":{"alias":[],"alternates":["Ext.EventedBase"]},"Ext.GlobalEvents":{"alias":[],"alternates":["Ext.globalEvents"]},"Ext.Img":{"alias":["widget.image","widget.img"],"alternates":[]},"Ext.Label":{"alias":["widget.label"],"alternates":[]},"Ext.LoadMask":{"alias":["widget.loadmask"],"alternates":[]},"Ext.Map":{"alias":["widget.map"],"alternates":[]},"Ext.Mask":{"alias":["widget.mask"],"alternates":[]},"Ext.Media":{"alias":["widget.media"],"alternates":[]},"Ext.Menu":{"alias":["widget.menu"],"alternates":[]},"Ext.MessageBox":{"alias":["widget.messagebox"],"alternates":[]},"Ext.Mixin":{"alias":[],"alternates":[]},"Ext.Panel":{"alias":["widget.panel"],"alternates":["Ext.lib.Panel"]},"Ext.ProgressIndicator":{"alias":["widget.progressindicator"],"alternates":[]},"Ext.Promise":{"alias":[],"alternates":[]},"Ext.SegmentedButton":{"alias":["widget.segmentedbutton"],"alternates":[]},"Ext.Sheet":{"alias":["widget.sheet"],"alternates":[]},"Ext.Sortable":{"alias":[],"alternates":[]},"Ext.Spacer":{"alias":["widget.spacer"],"alternates":[]},"Ext.TaskQueue":{"alias":[],"alternates":[]},"Ext.Template":{"alias":[],"alternates":[]},"Ext.Title":{"alias":["widget.title"],"alternates":[]},"Ext.TitleBar":{"alias":["widget.titlebar"],"alternates":[]},"Ext.Toast":{"alias":[],"alternates":[]},"Ext.Toolbar":{"alias":["widget.toolbar"],"alternates":[]},"Ext.Video":{"alias":["widget.video"],"alternates":[]},"Ext.Widget":{"alias":["widget.widget"],"alternates":[]},"Ext.XTemplate":{"alias":[],"alternates":[]},"Ext.app.Application":{"alias":[],"alternates":[]},"Ext.app.BaseController":{"alias":[],"alternates":[]},"Ext.app.Controller":{"alias":[],"alternates":[]},"Ext.app.EventBus":{"alias":[],"alternates":[]},"Ext.app.EventDomain":{"alias":[],"alternates":[]},"Ext.app.Profile":{"alias":[],"alternates":[]},"Ext.app.Util":{"alias":[],"alternates":[]},"Ext.app.ViewController":{"alias":[],"alternates":[]},"Ext.app.ViewModel":{"alias":["viewmodel.default"],"alternates":[]},"Ext.app.bind.AbstractStub":{"alias":[],"alternates":[]},"Ext.app.bind.BaseBinding":{"alias":[],"alternates":[]},"Ext.app.bind.Binding":{"alias":[],"alternates":[]},"Ext.app.bind.Formula":{"alias":[],"alternates":[]},"Ext.app.bind.LinkStub":{"alias":[],"alternates":[]},"Ext.app.bind.Multi":{"alias":[],"alternates":[]},"Ext.app.bind.RootStub":{"alias":[],"alternates":[]},"Ext.app.bind.Stub":{"alias":[],"alternates":[]},"Ext.app.bind.Template":{"alias":[],"alternates":[]},"Ext.app.bind.TemplateBinding":{"alias":[],"alternates":[]},"Ext.app.domain.Component":{"alias":[],"alternates":[]},"Ext.app.domain.Controller":{"alias":[],"alternates":[]},"Ext.app.domain.Direct":{"alias":[],"alternates":[]},"Ext.app.domain.Global":{"alias":[],"alternates":[]},"Ext.app.domain.Store":{"alias":[],"alternates":[]},"Ext.app.domain.View":{"alias":[],"alternates":[]},"Ext.app.route.Queue":{"alias":[],"alternates":[]},"Ext.app.route.Route":{"alias":[],"alternates":[]},"Ext.app.route.Router":{"alias":[],"alternates":[]},"Ext.behavior.Behavior":{"alias":[],"alternates":[]},"Ext.behavior.Draggable":{"alias":[],"alternates":[]},"Ext.behavior.Translatable":{"alias":[],"alternates":[]},"Ext.carousel.Carousel":{"alias":["widget.carousel"],"alternates":["Ext.Carousel"]},"Ext.carousel.Indicator":{"alias":["widget.carouselindicator"],"alternates":[]},"Ext.carousel.Infinite":{"alias":[],"alternates":[]},"Ext.carousel.Item":{"alias":[],"alternates":[]},"Ext.data.AbstractStore":{"alias":[],"alternates":[]},"Ext.data.ArrayStore":{"alias":["store.array"],"alternates":["Ext.data.SimpleStore"]},"Ext.data.Batch":{"alias":[],"alternates":[]},"Ext.data.BufferedStore":{"alias":["store.buffered"],"alternates":[]},"Ext.data.ChainedStore":{"alias":["store.chained"],"alternates":[]},"Ext.data.Connection":{"alias":[],"alternates":[]},"Ext.data.DirectStore":{"alias":["store.direct"],"alternates":[]},"Ext.data.Error":{"alias":[],"alternates":[]},"Ext.data.ErrorCollection":{"alias":[],"alternates":["Ext.data.Errors"]},"Ext.data.JsonP":{"alias":[],"alternates":[]},"Ext.data.JsonPStore":{"alias":["store.jsonp"],"alternates":[]},"Ext.data.JsonStore":{"alias":["store.json"],"alternates":[]},"Ext.data.LocalStore":{"alias":[],"alternates":[]},"Ext.data.Model":{"alias":[],"alternates":["Ext.data.Record"]},"Ext.data.ModelManager":{"alias":[],"alternates":["Ext.ModelMgr"]},"Ext.data.NodeInterface":{"alias":[],"alternates":[]},"Ext.data.NodeStore":{"alias":["store.node"],"alternates":[]},"Ext.data.PageMap":{"alias":[],"alternates":[]},"Ext.data.ProxyStore":{"alias":[],"alternates":[]},"Ext.data.Request":{"alias":[],"alternates":[]},"Ext.data.ResultSet":{"alias":[],"alternates":[]},"Ext.data.Session":{"alias":[],"alternates":[]},"Ext.data.SortTypes":{"alias":[],"alternates":[]},"Ext.data.Store":{"alias":["store.store"],"alternates":[]},"Ext.data.StoreManager":{"alias":[],"alternates":["Ext.StoreMgr","Ext.data.StoreMgr","Ext.StoreManager"]},"Ext.data.TreeModel":{"alias":[],"alternates":[]},"Ext.data.TreeStore":{"alias":["store.tree"],"alternates":[]},"Ext.data.Types":{"alias":[],"alternates":[]},"Ext.data.Validation":{"alias":[],"alternates":[]},"Ext.data.XmlStore":{"alias":["store.xml"],"alternates":[]},"Ext.data.field.Boolean":{"alias":["data.field.bool","data.field.boolean"],"alternates":[]},"Ext.data.field.Date":{"alias":["data.field.date"],"alternates":[]},"Ext.data.field.Field":{"alias":["data.field.auto"],"alternates":["Ext.data.Field"]},"Ext.data.field.Integer":{"alias":["data.field.int","data.field.integer"],"alternates":[]},"Ext.data.field.Number":{"alias":["data.field.float","data.field.number"],"alternates":[]},"Ext.data.field.String":{"alias":["data.field.string"],"alternates":[]},"Ext.data.flash.BinaryXhr":{"alias":[],"alternates":[]},"Ext.data.identifier.Generator":{"alias":["data.identifier.default"],"alternates":[]},"Ext.data.identifier.Negative":{"alias":["data.identifier.negative"],"alternates":[]},"Ext.data.identifier.Sequential":{"alias":["data.identifier.sequential"],"alternates":[]},"Ext.data.identifier.Uuid":{"alias":["data.identifier.uuid"],"alternates":[]},"Ext.data.matrix.Matrix":{"alias":[],"alternates":[]},"Ext.data.matrix.Side":{"alias":[],"alternates":[]},"Ext.data.matrix.Slice":{"alias":[],"alternates":[]},"Ext.data.operation.Create":{"alias":["data.operation.create"],"alternates":[]},"Ext.data.operation.Destroy":{"alias":["data.operation.destroy"],"alternates":[]},"Ext.data.operation.Operation":{"alias":[],"alternates":["Ext.data.Operation"]},"Ext.data.operation.Read":{"alias":["data.operation.read"],"alternates":[]},"Ext.data.operation.Update":{"alias":["data.operation.update"],"alternates":[]},"Ext.data.proxy.Ajax":{"alias":["proxy.ajax"],"alternates":["Ext.data.HttpProxy","Ext.data.AjaxProxy"]},"Ext.data.proxy.Client":{"alias":[],"alternates":["Ext.data.ClientProxy"]},"Ext.data.proxy.Direct":{"alias":["proxy.direct"],"alternates":["Ext.data.DirectProxy"]},"Ext.data.proxy.JsonP":{"alias":["proxy.jsonp","proxy.scripttag"],"alternates":["Ext.data.ScriptTagProxy"]},"Ext.data.proxy.LocalStorage":{"alias":["proxy.localstorage"],"alternates":["Ext.data.LocalStorageProxy"]},"Ext.data.proxy.Memory":{"alias":["proxy.memory"],"alternates":["Ext.data.MemoryProxy"]},"Ext.data.proxy.Proxy":{"alias":["proxy.proxy"],"alternates":["Ext.data.DataProxy","Ext.data.Proxy"]},"Ext.data.proxy.Rest":{"alias":["proxy.rest"],"alternates":["Ext.data.RestProxy"]},"Ext.data.proxy.Server":{"alias":["proxy.server"],"alternates":["Ext.data.ServerProxy"]},"Ext.data.proxy.SessionStorage":{"alias":["proxy.sessionstorage"],"alternates":["Ext.data.SessionStorageProxy"]},"Ext.data.proxy.WebStorage":{"alias":[],"alternates":["Ext.data.WebStorageProxy"]},"Ext.data.reader.Array":{"alias":["reader.array"],"alternates":["Ext.data.ArrayReader"]},"Ext.data.reader.Json":{"alias":["reader.json"],"alternates":["Ext.data.JsonReader"]},"Ext.data.reader.Reader":{"alias":["reader.base"],"alternates":["Ext.data.Reader","Ext.data.DataReader"]},"Ext.data.reader.Xml":{"alias":["reader.xml"],"alternates":["Ext.data.XmlReader"]},"Ext.data.request.Ajax":{"alias":["request.ajax"],"alternates":[]},"Ext.data.request.Base":{"alias":[],"alternates":[]},"Ext.data.request.Form":{"alias":["request.form"],"alternates":[]},"Ext.data.schema.Association":{"alias":[],"alternates":[]},"Ext.data.schema.ManyToMany":{"alias":[],"alternates":[]},"Ext.data.schema.ManyToOne":{"alias":[],"alternates":[]},"Ext.data.schema.Namer":{"alias":["namer.default"],"alternates":[]},"Ext.data.schema.OneToOne":{"alias":[],"alternates":[]},"Ext.data.schema.Role":{"alias":[],"alternates":[]},"Ext.data.schema.Schema":{"alias":["schema.default"],"alternates":[]},"Ext.data.session.BatchVisitor":{"alias":[],"alternates":[]},"Ext.data.session.ChangesVisitor":{"alias":[],"alternates":[]},"Ext.data.session.ChildChangesVisitor":{"alias":[],"alternates":[]},"Ext.data.validator.Bound":{"alias":["data.validator.bound"],"alternates":[]},"Ext.data.validator.Email":{"alias":["data.validator.email"],"alternates":[]},"Ext.data.validator.Exclusion":{"alias":["data.validator.exclusion"],"alternates":[]},"Ext.data.validator.Format":{"alias":["data.validator.format"],"alternates":[]},"Ext.data.validator.Inclusion":{"alias":["data.validator.inclusion"],"alternates":[]},"Ext.data.validator.Length":{"alias":["data.validator.length"],"alternates":[]},"Ext.data.validator.List":{"alias":["data.validator.list"],"alternates":[]},"Ext.data.validator.Presence":{"alias":["data.validator.presence"],"alternates":[]},"Ext.data.validator.Range":{"alias":["data.validator.range"],"alternates":[]},"Ext.data.validator.Validator":{"alias":["data.validator.base"],"alternates":[]},"Ext.data.writer.Json":{"alias":["writer.json"],"alternates":["Ext.data.JsonWriter"]},"Ext.data.writer.Writer":{"alias":["writer.base"],"alternates":["Ext.data.DataWriter","Ext.data.Writer"]},"Ext.data.writer.Xml":{"alias":["writer.xml"],"alternates":["Ext.data.XmlWriter"]},"Ext.dataview.DataView":{"alias":["widget.dataview"],"alternates":["Ext.DataView"]},"Ext.dataview.IndexBar":{"alias":[],"alternates":["Ext.IndexBar"]},"Ext.dataview.List":{"alias":["widget.list"],"alternates":["Ext.List"]},"Ext.dataview.ListItemHeader":{"alias":["widget.listitemheader"],"alternates":[]},"Ext.dataview.NestedList":{"alias":["widget.nestedlist"],"alternates":["Ext.NestedList"]},"Ext.dataview.component.Container":{"alias":[],"alternates":[]},"Ext.dataview.component.DataItem":{"alias":["widget.dataitem"],"alternates":[]},"Ext.dataview.component.ListItem":{"alias":["widget.listitem"],"alternates":[]},"Ext.dataview.component.SimpleListItem":{"alias":["widget.simplelistitem"],"alternates":[]},"Ext.dataview.element.Container":{"alias":[],"alternates":[]},"Ext.dataview.element.List":{"alias":[],"alternates":[]},"Ext.direct.Event":{"alias":["direct.event"],"alternates":[]},"Ext.direct.ExceptionEvent":{"alias":["direct.exception"],"alternates":[]},"Ext.direct.JsonProvider":{"alias":["direct.jsonprovider"],"alternates":[]},"Ext.direct.Manager":{"alias":[],"alternates":[]},"Ext.direct.PollingProvider":{"alias":["direct.pollingprovider"],"alternates":[]},"Ext.direct.Provider":{"alias":["direct.provider"],"alternates":[]},"Ext.direct.RemotingEvent":{"alias":["direct.rpc"],"alternates":[]},"Ext.direct.RemotingMethod":{"alias":[],"alternates":[]},"Ext.direct.RemotingProvider":{"alias":["direct.remotingprovider"],"alternates":[]},"Ext.direct.Transaction":{"alias":["direct.transaction"],"alternates":["Ext.Direct.Transaction"]},"Ext.dom.CompositeElement":{"alias":[],"alternates":["Ext.CompositeElement"]},"Ext.dom.CompositeElementLite":{"alias":[],"alternates":["Ext.CompositeElementLite"]},"Ext.dom.Element":{"alias":[],"alternates":["Ext.Element"]},"Ext.dom.ElementEvent":{"alias":[],"alternates":[]},"Ext.dom.Fly":{"alias":[],"alternates":["Ext.dom.Element.Fly"]},"Ext.dom.GarbageCollector":{"alias":[],"alternates":[]},"Ext.dom.Helper":{"alias":[],"alternates":["Ext.DomHelper","Ext.core.DomHelper"]},"Ext.dom.Query":{"alias":[],"alternates":["Ext.core.DomQuery","Ext.DomQuery"]},"Ext.dom.Shadow":{"alias":[],"alternates":["Ext.Shadow"]},"Ext.dom.Shim":{"alias":[],"alternates":[]},"Ext.dom.Underlay":{"alias":[],"alternates":[]},"Ext.dom.UnderlayPool":{"alias":[],"alternates":[]},"Ext.event.Event":{"alias":[],"alternates":["Ext.EventObjectImpl"]},"Ext.event.gesture.DoubleTap":{"alias":[],"alternates":[]},"Ext.event.gesture.Drag":{"alias":[],"alternates":[]},"Ext.event.gesture.EdgeSwipe":{"alias":[],"alternates":[]},"Ext.event.gesture.LongPress":{"alias":[],"alternates":[]},"Ext.event.gesture.MultiTouch":{"alias":[],"alternates":[]},"Ext.event.gesture.Pinch":{"alias":[],"alternates":[]},"Ext.event.gesture.Recognizer":{"alias":[],"alternates":[]},"Ext.event.gesture.Rotate":{"alias":[],"alternates":[]},"Ext.event.gesture.SingleTouch":{"alias":[],"alternates":[]},"Ext.event.gesture.Swipe":{"alias":[],"alternates":[]},"Ext.event.gesture.Tap":{"alias":[],"alternates":[]},"Ext.event.publisher.Dom":{"alias":[],"alternates":[]},"Ext.event.publisher.ElementPaint":{"alias":[],"alternates":[]},"Ext.event.publisher.ElementSize":{"alias":[],"alternates":[]},"Ext.event.publisher.Focus":{"alias":[],"alternates":[]},"Ext.event.publisher.Gesture":{"alias":[],"alternates":[]},"Ext.event.publisher.Publisher":{"alias":[],"alternates":[]},"Ext.field.Checkbox":{"alias":["widget.checkboxfield"],"alternates":["Ext.form.Checkbox"]},"Ext.field.DatePicker":{"alias":["widget.datepickerfield"],"alternates":["Ext.form.DatePicker"]},"Ext.field.DatePickerNative":{"alias":["widget.datepickernativefield"],"alternates":["Ext.form.DatePickerNative"]},"Ext.field.Email":{"alias":["widget.emailfield"],"alternates":["Ext.form.Email"]},"Ext.field.Field":{"alias":["widget.field"],"alternates":["Ext.form.Field"]},"Ext.field.File":{"alias":["widget.filefield"],"alternates":[]},"Ext.field.FileInput":{"alias":["widget.fileinput"],"alternates":[]},"Ext.field.Hidden":{"alias":["widget.hiddenfield"],"alternates":["Ext.form.Hidden"]},"Ext.field.Input":{"alias":["widget.input"],"alternates":[]},"Ext.field.Number":{"alias":["widget.numberfield"],"alternates":["Ext.form.Number"]},"Ext.field.Password":{"alias":["widget.passwordfield"],"alternates":["Ext.form.Password"]},"Ext.field.Picker":{"alias":[],"alternates":[]},"Ext.field.Radio":{"alias":["widget.radiofield"],"alternates":["Ext.form.Radio"]},"Ext.field.Search":{"alias":["widget.searchfield"],"alternates":["Ext.form.Search"]},"Ext.field.Select":{"alias":["widget.selectfield"],"alternates":["Ext.form.Select"]},"Ext.field.SingleSlider":{"alias":["widget.singlesliderfield"],"alternates":[]},"Ext.field.Slider":{"alias":["widget.sliderfield"],"alternates":["Ext.form.Slider"]},"Ext.field.Spinner":{"alias":["widget.spinnerfield"],"alternates":["Ext.form.Spinner"]},"Ext.field.Text":{"alias":["widget.textfield"],"alternates":["Ext.form.Text"]},"Ext.field.TextArea":{"alias":["widget.textareafield"],"alternates":["Ext.form.TextArea"]},"Ext.field.TextAreaInput":{"alias":["widget.textareainput"],"alternates":[]},"Ext.field.Toggle":{"alias":["widget.togglefield"],"alternates":["Ext.form.Toggle"]},"Ext.field.Url":{"alias":["widget.urlfield"],"alternates":["Ext.form.Url"]},"Ext.form.FieldSet":{"alias":["widget.fieldset"],"alternates":[]},"Ext.form.Panel":{"alias":["widget.formpanel"],"alternates":["Ext.form.FormPanel"]},"Ext.fx.Animation":{"alias":[],"alternates":[]},"Ext.fx.Runner":{"alias":[],"alternates":[]},"Ext.fx.State":{"alias":[],"alternates":[]},"Ext.fx.animation.Abstract":{"alias":[],"alternates":[]},"Ext.fx.animation.Cube":{"alias":["animation.cube"],"alternates":[]},"Ext.fx.animation.Fade":{"alias":["animation.fade","animation.fadeIn"],"alternates":["Ext.fx.animation.FadeIn"]},"Ext.fx.animation.FadeOut":{"alias":["animation.fadeOut"],"alternates":[]},"Ext.fx.animation.Flip":{"alias":["animation.flip"],"alternates":[]},"Ext.fx.animation.Pop":{"alias":["animation.pop","animation.popIn"],"alternates":["Ext.fx.animation.PopIn"]},"Ext.fx.animation.PopOut":{"alias":["animation.popOut"],"alternates":[]},"Ext.fx.animation.Slide":{"alias":["animation.slide","animation.slideIn"],"alternates":["Ext.fx.animation.SlideIn"]},"Ext.fx.animation.SlideOut":{"alias":["animation.slideOut"],"alternates":[]},"Ext.fx.animation.Wipe":{"alias":[],"alternates":["Ext.fx.animation.WipeIn"]},"Ext.fx.animation.WipeOut":{"alias":[],"alternates":[]},"Ext.fx.easing.Abstract":{"alias":[],"alternates":[]},"Ext.fx.easing.Bounce":{"alias":[],"alternates":[]},"Ext.fx.easing.BoundMomentum":{"alias":[],"alternates":[]},"Ext.fx.easing.EaseIn":{"alias":["easing.ease-in"],"alternates":[]},"Ext.fx.easing.EaseOut":{"alias":["easing.ease-out"],"alternates":[]},"Ext.fx.easing.Easing":{"alias":[],"alternates":[]},"Ext.fx.easing.Linear":{"alias":["easing.linear"],"alternates":[]},"Ext.fx.easing.Momentum":{"alias":[],"alternates":[]},"Ext.fx.layout.Card":{"alias":[],"alternates":[]},"Ext.fx.layout.card.Abstract":{"alias":[],"alternates":[]},"Ext.fx.layout.card.Cover":{"alias":["fx.layout.card.cover"],"alternates":[]},"Ext.fx.layout.card.Cube":{"alias":["fx.layout.card.cube"],"alternates":[]},"Ext.fx.layout.card.Fade":{"alias":["fx.layout.card.fade"],"alternates":[]},"Ext.fx.layout.card.Flip":{"alias":["fx.layout.card.flip"],"alternates":[]},"Ext.fx.layout.card.Pop":{"alias":["fx.layout.card.pop"],"alternates":[]},"Ext.fx.layout.card.Reveal":{"alias":["fx.layout.card.reveal"],"alternates":[]},"Ext.fx.layout.card.Scroll":{"alias":["fx.layout.card.scroll"],"alternates":[]},"Ext.fx.layout.card.ScrollCover":{"alias":["fx.layout.card.scrollcover"],"alternates":[]},"Ext.fx.layout.card.ScrollReveal":{"alias":["fx.layout.card.scrollreveal"],"alternates":[]},"Ext.fx.layout.card.Slide":{"alias":["fx.layout.card.slide"],"alternates":[]},"Ext.fx.layout.card.Style":{"alias":[],"alternates":[]},"Ext.fx.runner.Css":{"alias":[],"alternates":[]},"Ext.fx.runner.CssAnimation":{"alias":[],"alternates":[]},"Ext.fx.runner.CssTransition":{"alias":[],"alternates":["Ext.Animator"]},"Ext.grid.Grid":{"alias":["widget.grid"],"alternates":[]},"Ext.grid.HeaderContainer":{"alias":["widget.headercontainer"],"alternates":[]},"Ext.grid.HeaderGroup":{"alias":["widget.gridheadergroup"],"alternates":[]},"Ext.grid.Row":{"alias":["widget.gridrow"],"alternates":[]},"Ext.grid.cell.Base":{"alias":[],"alternates":[]},"Ext.grid.cell.Boolean":{"alias":["widget.booleancell"],"alternates":[]},"Ext.grid.cell.Cell":{"alias":["widget.gridcell"],"alternates":[]},"Ext.grid.cell.Date":{"alias":["widget.datecell"],"alternates":[]},"Ext.grid.cell.Number":{"alias":["widget.numbercell"],"alternates":[]},"Ext.grid.cell.Text":{"alias":["widget.textcell"],"alternates":[]},"Ext.grid.cell.Widget":{"alias":["widget.widgetcell"],"alternates":[]},"Ext.grid.column.Boolean":{"alias":["widget.booleancolumn"],"alternates":[]},"Ext.grid.column.Column":{"alias":["widget.column","widget.templatecolumn"],"alternates":["Ext.grid.column.Template"]},"Ext.grid.column.Date":{"alias":["widget.datecolumn"],"alternates":[]},"Ext.grid.column.Number":{"alias":["widget.numbercolumn"],"alternates":[]},"Ext.grid.plugin.ColumnResizing":{"alias":["plugin.gridcolumnresizing"],"alternates":[]},"Ext.grid.plugin.Editable":{"alias":["plugin.grideditable"],"alternates":[]},"Ext.grid.plugin.MultiSelection":{"alias":["plugin.gridmultiselection"],"alternates":[]},"Ext.grid.plugin.PagingToolbar":{"alias":["plugin.gridpagingtoolbar"],"alternates":[]},"Ext.grid.plugin.SummaryRow":{"alias":["plugin.gridsummaryrow"],"alternates":[]},"Ext.grid.plugin.ViewOptions":{"alias":["plugin.gridviewoptions"],"alternates":[]},"Ext.layout.Abstract":{"alias":[],"alternates":[]},"Ext.layout.Box":{"alias":["layout.tablebox"],"alternates":[]},"Ext.layout.Card":{"alias":["layout.card"],"alternates":[]},"Ext.layout.Default":{"alias":["layout.auto","layout.default"],"alternates":[]},"Ext.layout.Fit":{"alias":["layout.fit"],"alternates":[]},"Ext.layout.FlexBox":{"alias":["layout.box"],"alternates":[]},"Ext.layout.Float":{"alias":["layout.float"],"alternates":[]},"Ext.layout.HBox":{"alias":["layout.hbox"],"alternates":[]},"Ext.layout.VBox":{"alias":["layout.vbox"],"alternates":[]},"Ext.layout.wrapper.BoxDock":{"alias":[],"alternates":[]},"Ext.layout.wrapper.Dock":{"alias":[],"alternates":[]},"Ext.layout.wrapper.Inner":{"alias":[],"alternates":[]},"Ext.list.AbstractTreeItem":{"alias":[],"alternates":[]},"Ext.list.RootTreeItem":{"alias":[],"alternates":[]},"Ext.list.Tree":{"alias":["widget.treelist"],"alternates":[]},"Ext.list.TreeItem":{"alias":["widget.treelistitem"],"alternates":[]},"Ext.mixin.Accessible":{"alias":[],"alternates":[]},"Ext.mixin.Bindable":{"alias":[],"alternates":[]},"Ext.mixin.ComponentDelegation":{"alias":[],"alternates":[]},"Ext.mixin.Container":{"alias":[],"alternates":[]},"Ext.mixin.Factoryable":{"alias":[],"alternates":[]},"Ext.mixin.Hookable":{"alias":[],"alternates":[]},"Ext.mixin.Identifiable":{"alias":[],"alternates":[]},"Ext.mixin.Inheritable":{"alias":[],"alternates":[]},"Ext.mixin.Mashup":{"alias":[],"alternates":[]},"Ext.mixin.Observable":{"alias":[],"alternates":[]},"Ext.mixin.Progressable":{"alias":[],"alternates":[]},"Ext.mixin.Queryable":{"alias":[],"alternates":[]},"Ext.mixin.Responsive":{"alias":[],"alternates":[]},"Ext.mixin.Selectable":{"alias":[],"alternates":[]},"Ext.mixin.Templatable":{"alias":[],"alternates":[]},"Ext.mixin.Traversable":{"alias":[],"alternates":[]},"Ext.navigation.Bar":{"alias":[],"alternates":[]},"Ext.navigation.View":{"alias":["widget.navigationview"],"alternates":["Ext.NavigationView"]},"Ext.overrides.Widget":{"alias":[],"alternates":[]},"Ext.overrides.app.Application":{"alias":[],"alternates":[]},"Ext.overrides.list.Tree":{"alias":[],"alternates":[]},"Ext.overrides.list.TreeItem":{"alias":[],"alternates":[]},"Ext.perf.Accumulator":{"alias":[],"alternates":[]},"Ext.perf.Monitor":{"alias":[],"alternates":["Ext.Perf"]},"Ext.picker.Date":{"alias":["widget.datepicker"],"alternates":["Ext.DatePicker"]},"Ext.picker.Picker":{"alias":["widget.picker"],"alternates":["Ext.Picker"]},"Ext.picker.Slot":{"alias":["widget.pickerslot"],"alternates":[]},"Ext.plugin.Abstract":{"alias":[],"alternates":["Ext.AbstractPlugin"]},"Ext.plugin.LazyItems":{"alias":["plugin.lazyitems"],"alternates":[]},"Ext.plugin.ListPaging":{"alias":["plugin.listpaging"],"alternates":[]},"Ext.plugin.PullRefresh":{"alias":["plugin.pullrefresh"],"alternates":[]},"Ext.plugin.SortableList":{"alias":["plugin.sortablelist"],"alternates":[]},"Ext.plugin.field.PlaceHolderLabel":{"alias":["plugin.placeholderlabel"],"alternates":[]},"Ext.promise.Consequence":{"alias":[],"alternates":[]},"Ext.promise.Deferred":{"alias":[],"alternates":[]},"Ext.promise.Promise":{"alias":[],"alternates":[]},"Ext.scroll.DomScroller":{"alias":["scroller.dom"],"alternates":[]},"Ext.scroll.Indicator":{"alias":["widget.scrollindicator"],"alternates":[]},"Ext.scroll.Scroller":{"alias":["scroller.scroller"],"alternates":[]},"Ext.scroll.TouchScroller":{"alias":["scroller.touch"],"alternates":[]},"Ext.slider.Slider":{"alias":["widget.slider"],"alternates":[]},"Ext.slider.Thumb":{"alias":["widget.thumb"],"alternates":[]},"Ext.slider.Toggle":{"alias":[],"alternates":[]},"Ext.tab.Bar":{"alias":["widget.tabbar"],"alternates":["Ext.TabBar"]},"Ext.tab.Panel":{"alias":["widget.tabpanel"],"alternates":["Ext.TabPanel"]},"Ext.tab.Tab":{"alias":["widget.tab"],"alternates":["Ext.Tab"]},"Ext.table.Cell":{"alias":["widget.tablecell"],"alternates":[]},"Ext.table.Row":{"alias":["widget.tablerow"],"alternates":[]},"Ext.table.Table":{"alias":["widget.table"],"alternates":[]},"Ext.theme.neptune.Component":{"idx":1,"alias":[],"alternates":[]},"Ext.theme.neptune.Toolbar":{"idx":2,"alias":[],"alternates":[]},"Ext.tip.ToolTip":{"alias":[],"alternates":[]},"Ext.util.AbstractMixedCollection":{"alias":[],"alternates":[]},"Ext.util.Audio":{"alias":[],"alternates":[]},"Ext.util.Bag":{"alias":[],"alternates":[]},"Ext.util.Base64":{"alias":[],"alternates":[]},"Ext.util.BufferedCollection":{"alias":[],"alternates":[]},"Ext.util.CSV":{"alias":[],"alternates":[]},"Ext.util.Collection":{"alias":[],"alternates":[]},"Ext.util.CollectionKey":{"alias":[],"alternates":[]},"Ext.util.DelimitedValue":{"alias":[],"alternates":[]},"Ext.util.Draggable":{"alias":[],"alternates":[]},"Ext.util.Droppable":{"alias":[],"alternates":[]},"Ext.util.Event":{"alias":[],"alternates":[]},"Ext.util.Filter":{"alias":[],"alternates":[]},"Ext.util.FilterCollection":{"alias":[],"alternates":[]},"Ext.util.Format":{"alias":[],"alternates":[]},"Ext.util.Geolocation":{"alias":[],"alternates":["Ext.util.GeoLocation"]},"Ext.util.Group":{"alias":[],"alternates":[]},"Ext.util.GroupCollection":{"alias":[],"alternates":[]},"Ext.util.Grouper":{"alias":[],"alternates":[]},"Ext.util.HashMap":{"alias":[],"alternates":[]},"Ext.util.History":{"alias":[],"alternates":["Ext.History"]},"Ext.util.Inflector":{"alias":[],"alternates":[]},"Ext.util.InputBlocker":{"alias":[],"alternates":[]},"Ext.util.ItemCollection":{"alias":[],"alternates":["Ext.ItemCollection"]},"Ext.util.LineSegment":{"alias":[],"alternates":[]},"Ext.util.LocalStorage":{"alias":[],"alternates":[]},"Ext.util.LruCache":{"alias":[],"alternates":[]},"Ext.util.MixedCollection":{"alias":[],"alternates":[]},"Ext.util.ObjectTemplate":{"alias":[],"alternates":[]},"Ext.util.Observable":{"alias":[],"alternates":[]},"Ext.util.Offset":{"alias":[],"alternates":[]},"Ext.util.PaintMonitor":{"alias":[],"alternates":[]},"Ext.util.Point":{"alias":[],"alternates":[]},"Ext.util.PositionMap":{"alias":[],"alternates":[]},"Ext.util.Positionable":{"alias":[],"alternates":[]},"Ext.util.Region":{"alias":[],"alternates":[]},"Ext.util.Schedulable":{"alias":[],"alternates":[]},"Ext.util.Scheduler":{"alias":[],"alternates":[]},"Ext.util.SizeMonitor":{"alias":[],"alternates":[]},"Ext.util.Sortable":{"alias":[],"alternates":[]},"Ext.util.Sorter":{"alias":[],"alternates":[]},"Ext.util.SorterCollection":{"alias":[],"alternates":[]},"Ext.util.TSV":{"alias":[],"alternates":[]},"Ext.util.TapRepeater":{"alias":[],"alternates":[]},"Ext.util.TaskManager":{"alias":[],"alternates":["Ext.TaskManager"]},"Ext.util.TaskRunner":{"alias":[],"alternates":[]},"Ext.util.TextMetrics":{"alias":[],"alternates":[]},"Ext.util.Translatable":{"alias":[],"alternates":[]},"Ext.util.TranslatableGroup":{"alias":[],"alternates":[]},"Ext.util.TranslatableList":{"alias":[],"alternates":[]},"Ext.util.Wrapper":{"alias":[],"alternates":[]},"Ext.util.XTemplateCompiler":{"alias":[],"alternates":[]},"Ext.util.XTemplateParser":{"alias":[],"alternates":[]},"Ext.util.paintmonitor.Abstract":{"alias":[],"alternates":[]},"Ext.util.paintmonitor.CssAnimation":{"alias":[],"alternates":[]},"Ext.util.paintmonitor.OverflowChange":{"alias":[],"alternates":[]},"Ext.util.sizemonitor.Abstract":{"alias":[],"alternates":[]},"Ext.util.sizemonitor.Default":{"alias":[],"alternates":[]},"Ext.util.sizemonitor.OverflowChange":{"alias":[],"alternates":[]},"Ext.util.sizemonitor.Scroll":{"alias":[],"alternates":[]},"Ext.util.translatable.Abstract":{"alias":[],"alternates":[]},"Ext.util.translatable.CssPosition":{"alias":[],"alternates":[]},"Ext.util.translatable.CssTransform":{"alias":[],"alternates":[]},"Ext.util.translatable.Dom":{"alias":[],"alternates":[]},"Ext.util.translatable.ScrollParent":{"alias":[],"alternates":[]},"Ext.util.translatable.ScrollPosition":{"alias":[],"alternates":[]},"Ext.viewport.Android":{"alias":[],"alternates":[]},"Ext.viewport.Default":{"alias":["widget.viewport"],"alternates":[]},"Ext.viewport.Ios":{"alias":[],"alternates":[]},"Ext.viewport.Viewport":{"alias":[],"alternates":[]},"Ext.viewport.WindowsPhone":{"alias":[],"alternates":["Ext.viewport.WP"]}},"packages":{"core":{"alternateName":["sencha-core"],"creator":"Sencha","type":"code","version":"6.0.0.640"},"ext":{"build":{"dir":"${package.output.base}"},"creator":"Sencha","example":{"path":["examples","templates"],"apps":["admin-dashboard","executive-dashboard","kitchensink","classic/charts-kitchensink","classic/desktop","classic/ticket-app","classic/portal","classic/simple-tasks","classic/responsive-app","classic/aria","modern/addressbook","modern/energy","modern/stockapp","modern/states","modern/geocongress","modern/oreilly"]},"subpkgs":["classic/classic","modern/modern","packages/charts","packages/amf","packages/soap","packages/ux"],"type":"framework","version":"6.0.0.640"},"font-awesome":{"creator":"Sencha","theme":"theme-neptune","toolkit":"classic","type":"code","version":"6.0.0.640"},"modern":{"build":{"dir":"${package.output}"},"creator":"Sencha","subpkgs":"theme-cupertino,theme-mountainview,theme-neptune,theme-windows","type":"toolkit","version":"6.0.0.640"},"theme-base":{"creator":"Sencha","toolkit":"modern","type":"theme","version":"6.0.0.640"},"theme-neptune":{"creator":"anonymous","extend":"theme-base","toolkit":"modern","type":"theme","version":"6.0.0.640"}},"js":[{"path":"ext/build/ext-modern-all-debug.js","isSdk":true},{"bootstrap":true,"path":"ext/modern/theme-neptune/overrides/Component.js"},{"bootstrap":true,"path":"ext/modern/theme-neptune/overrides/Toolbar.js"},{"bootstrap":true,"path":"/~cmd/extensions/sencha-fashion/fashion/fashion.js","remote":true,"platform":["fashion"],"isSdk":false},{"bootstrap":true,"path":"/~cmd/extensions/sencha-fashion/sass-compiler.js","remote":true,"platform":["fashion"],"isSdk":false},{"path":"app.js"}],"css":[{"path":"build/development/App/modern/resources/App-all.css","exclude":["fashion"]}],"cache":{"enable":false,"deltas":true},"name":"App","version":"1.0.0.0","framework":"ext","loader":{"cache":false,"cacheParam":"_dc"},"resource":{"paths":["resources","modern/resources"]},"id":"2b6cb63c-d144-4d75-8e79-0711d58d495a","tags":[],"toolkit":"modern","theme":"theme-neptune","profile":"modern","hash":"b1180e31c86257a72b8b766b171e51d35ffa3e61"}